time,freemem@tsung_controller@ip-172-31-13-99 
0,376170.2265625 
10,376153.69140625 
20,376118.0390625 
30,376067.66015625 
40,375975.64453125 
50,375873.94921875 
60,375818.16015625 
70,375813.046875 
80,375781.78125 
90,375777.39453125 
100,375759.21484375 
110,375759.21484375 
120,375759.21484375 
130,375759.21484375 
140,375748.80859375 
150,375702.921875 
160,375659.9453125 
170,375616.40625 
180,375570.78125 
190,375551.40625 
200,375513.75390625 
210,375510.578125 
220,375510.578125 
230,375510.578125 
240,375510.578125 
250,375510.578125 
260,375510.578125 
270,375510.578125 
280,375510.578125 
290,375510.578125 
300,375510.578125 
310,375510.578125 
320,375510.578125 
330,375510.578125 
340,375510.578125 
350,375510.578125 
360,375510.578125 
370,375510.578125 
380,375510.578125 
390,375510.578125 
400,375510.578125 
410,375510.578125 
420,375510.578125 
430,375510.578125 
440,375510.578125 
450,375510.578125 
460,375510.578125 
470,375510.578125 
480,375510.578125 
490,375510.578125 
500,375510.578125 
510,375510.578125 
520,375502.38671875 
530,375452.10546875 
540,375435.07421875 
550,375435.07421875 
560,375435.07421875 
570,375435.07421875 
580,375435.07421875 
590,375435.07421875 
600,375435.07421875 
610,375435.07421875 
620,375435.07421875 
630,375435.07421875 
640,375435.07421875 
650,375435.07421875 
660,375435.07421875 
670,375435.07421875 
680,375435.07421875 
690,375435.07421875 
700,375435.07421875 
710,375435.07421875 
720,375435.07421875 
730,375435.07421875 
740,375435.07421875 
750,375435.07421875 
760,375435.07421875 
770,375435.07421875 
780,375435.07421875 
790,375435.07421875 
800,375435.07421875 
810,375435.07421875 
820,375435.07421875 
830,375435.07421875 
840,375435.07421875 
850,375435.07421875 
860,375435.07421875 
870,375435.07421875 
880,375386.7890625 
890,375206.70703125 
900,375045.37109375 
910,374909.94921875 
920,374726.18359375 
930,374597.6015625 
940,374450.875 
950,374317.51953125 
960,374157.80078125 
970,374000.36328125 
